ID,Form_ID,Lexeme_ID
apuni-soap-0,apuni-soap-0,apuni-soap
arina-trembler-0,arina-trembler-0,arina-trembler
aro-rice-0,aro-rice-0,aro-rice
aropoko-ball-game-0,aropoko-ball-game-0,aropoko-ball-game
asakontompene-four-0,asakontompene-four-0,asakontompene-four
asere-dry-cough-0,asere-dry-cough-0,asere-dry-cough
asere-ke-dry-cough-prep,asere-ke-dry-cough-prep,asere-keprop
asereta-ri-have-dry-cough-acnnmlz,asereta-ri-have-dry-cough-acnnmlz,asereta-rinmlz
asuka-sugar-0,asuka-sugar-0,asuka-sugar
awochi-tumor-0,awochi-tumor-0,awochi-tumor
chika-bite-0-rinmlz,chika-bite-0-rinmlz,chika-rinmlz
chimichimi-worm-dog-0,chimichimi-worm-dog-0,chimichimi-worm-dog
chimichimita-ri-fill-with-worms-dog-acnnmlz,chimichimita-ri-fill-with-worms-dog-acnnmlz,chimichimita-rinmlz
chipiyu-fungus-sp-0,chipiyu-fungus-sp-0,chipiyu-fungus-sp
chiri-wild-pineapple-0-ripert,chiri-wild-pineapple-0-ripert,chiri-wild-pineapple
chiri-titi-monkey-0-ripert,chiri-titi-monkey-0-ripert,chiri-titi-monkey
chiyakono-friend-0,chiyakono-friend-0,chiyakono-friend
enire-now-1-nonmlz,enire-now-1-nonmlz,enire-anonmlz
ijmoka-cook-0-ninmlz,ijmoka-cook-0-ninmlz,ijmoka-ninmlz
ijmoka-cook-0-rinmlz,ijmoka-cook-0-rinmlz,ijmoka-rinmlz
ijpu-summit-0,ijpu-summit-0,ijpu-summit
iyajtepe-before-0,iyajtepe-before-0,iyajtepe-before
kampara-ke-big-prep,kampara-ke-big-prep,kampara-keprop
kejkepe-salamander-0,kejkepe-salamander-0,kejkepe-salamander
kojpa-night-0,kojpa-night-0,kojpa-night
kojpaye-night-advz,kojpaye-night-advz,kojpa-ye-at-night
kwatojpe-how,kwatojpe-how,kwa-tojpe-how
kere-ke-ripe-prep,kere-ke-ripe-prep,kere-keprop
moroni-pain-0,moroni-pain-0,moroni-pain
meteta-ri-thin-acnnmlz,meteta-ri-thin-acnnmlz,meteta-rinmlz
nope-good-1-anonmlz,nope-good-1-anonmlz,nope-anonmlz
pakara-basket-0,pakara-basket-0,pakara-basket
pakura-coix-lacryma-jobi-0,pakura-coix-lacryma-jobi-0,pakura-coix-lacryma-jobi
rokota-ri-become-crazy-acnnmlz,rokota-ri-become-crazy-acnnmlz,rokota-rinmlz
romoye-downriver-0,romoye-downriver-0,romoye-downriver
takono-other-0-peess,takono-other-0-peess,takono-peess
tapire-red,tapire-red,tapi-re-red
teijpo-far-0-jraneg,teijpo-far-0-jraneg,teijpo-far
teijpo-far-0-nonmlz,teijpo-far-0-nonmlz,teijpo-anonmlz
tejpore-tasty,tejpore-tasty,tejpo-re-tasty
tejpore-mi-tasty-nmlz,tejpore-mi-tasty-nmlz,tejpore-minmlz
wenaka-ri-vomit-acnnmlz,wenaka-ri-vomit-acnnmlz,wenaka-rinmlz
weseyu-0-peess,weseyu-0-peess,weseyu-peess
yokota-ri-grow-pimple-acnnmlz,yokota-ri-grow-pimple-acnnmlz,yokota-rinmlz
ekere-jaguar-0,ekere-jaguar-0,ekere-jaguar
ati-what-ati-what,ati-what-0,ati-what
re-emp-reemp,reemp-0,reemp
warai-like-warai-like,warai-like-0,warai-like
me-yarika-2-laugh-ipfv-yarika-laugh,me2-yarika-laugh-0-ri-zero,yarika-laugh
ti-hsy-ti-hsy,ti-hsy-0,ti-hsy
me-yaruwa-ri-2-laugh-ipfv-yaruwa-laugh,me2-yaruwa-laugh-0-ri,yaruwa-laugh
me-pekepene-2-alone-pekepene-alone,me2-pekepene-alone-0,pekepene-alone
ejne-1-2pro-ejne-1-2pro,ejne-1-2pro-0,ejne-1-2pro
pekepene-alone-pekepene-alone,pekepene-alone-0,pekepene-alone
yaruwa-ja-laugh-neg-yaruwa-laugh,yaruwa-laugh-0-janeg,yaruwa-laugh
wire-1pro-wire-1pro,wire-1pro-0,wire-1pro
yaruwa-ri-jra-laugh-ipfv-neg-yaruwa-laugh,yaruwa-laugh-0-ri-jraneg,yaruwa-laugh
peke-about-pekeon,pekeon-0,pekeon
nope-good-nope-good,nope-good-0,nope-good
tawara-too-tawara-too,tawara-too-0,tawara-too
neke-contrast-neke-contrast,neke-contrast0,neke-contrast
ne-ints-intsne,intsne-0,intsne
kwase-how-kwase-how,kwase-how1,kwase-how
mekisantomo-dist-anim-pl-mekisantomo-dist-anim-pl,mekisantomo-dist-anim-pl-0,mekisantomo-dist-anim-pl
ajaja-hahaha-ajaja-hahaha,ajaja-hahaha-0,ajaja-hahaha
taj-tane-say-cncs-taro-tanecncs,taro-tanecncs-tanecns,taro-tanecncs
ki-oh-ki-oh,ki-oh-0,ki-oh
mokontomo-2pl-pro-monkontomo-2pl-pro,monkontomo-2pl-pro-1,monkontomo-2pl-pro
tewi-3pro-tewi-3pro,tewi-3pro-0,tewi-3pro
poko-no-about-nmlz-peke-anonmlz,peke-anonmlz-nonmlz,peke-anonmlz
minte-there-loc-minte-there-loc,minte-there-loc-0,minte-there-loc
tunam-pe-hide-ess-tunami-peess,tunami-peess-peess,tunami-peess
tawa-ja-too-neg-tawa-ja-not-like-that,tawa-ja-not-like-that-janeg,tawa-ja-not-like-that
yarika-ja-laugh-neg-yarika-laugh,yarika-laugh-0-janeg,yarika-laugh
pirare-nothing-pirare-nothing,pirare-nothing0,pirare-nothing
sene-ja-see-self-neg-esene-see-self,esene-see-self-1-janeg,esene-see-self
yarika-topo-laugh-circ-nmlz-yarika-toponmlz,yarika-toponmlz-toponmlz,yarika-toponmlz
ma-rst-marestr,marestr-0,marestr
y-ewenke-lk-not-know-ewenke-not-know,ylk-ewenke-not-know0,ewenke-not-know
senejka-ri-stay-ipfv-senejka-stay,senejka-stay-ri-ri,senejka-stay
u-y-iwij-1-lk-house-iwiti-house,u1-ylk-iwiti-house-1,iwiti-house
yaka-all-yakaall,yakaall-0,yakaall
tawaraij-too-tawara-too,tawara-too-1,tawara-too
yawe-loc-yaweloc,yaweloc-0,yaweloc
u-senejka-ri-1-stay-ipfv-senejka-stay,u1-senejka-stay-ri,senejka-stay
sukuri-silently-sukuri-silently,sukuri-silently-0,sukuri-silently
chi-cop-ipfv-chi-cop,chi-cop-0-ri-zero,chi-cop
yaruwa-topo-laugh-circ-nmlz-yaruwa-toponmlz,yaruwa-toponmlz-toponmlz,yaruwa-toponmlz
in-ke-see-imp-ini-see,ini-see-2-keimp,ini-see
tewisantomo-3pro-pl-tewisantomo-3pro-pl,tewisantomo-3pro-pl-0,tewisantomo-3pro-pl
yaruwa-tepeke-laugh-prog-intr-yaruwa-laugh,slug-4,yaruwa-laugh
chi-kontomo-cop-ipfv-pl-chi-cop,chi-cop-0-ri-zero-kontomopl,chi-cop
pinika-prob-pinika-prob,pinika-prob0,pinika-prob
yaruwa-kontomo-laugh-ipfv-pl-yaruwa-laugh,yaruwa-laugh-0-ri-zero-kontomopl,yaruwa-laugh
sa-eval-sa-eval,sa-eval0,sa-eval
onono-another-onono-another,onono-another-0,onono-another
ponoko-every-ponoko-every,ponoko-every-0,ponoko-every
ini-ja-see-neg-ini-see,ini-see-0-janeg,ini-see
ke-ouch-ke-ouch,ke-ouch0,ke-ouch
peremeki-ri-talk-ipfv-peremeki-talk,peremeki-talk1-ri-ri,peremeki-talk
aniki-who-aniki-who,aniki-who-1,aniki-who
make-mother-pert-make-mother,make-mother-0-make-mother,make-mother
ya-erg-yaerg,yaerg-0,yaerg
ta-say-ipfv-taro-say,taro-say-2-ri-zero,taro-say
taji-taji,taji-0,taji
waijta-mouse-waijta-mouse,waijta-mouse-0,waijta-mouse
enijpetere-one-enijpetere-one,enijpetere-one-0,enijpetere-one
waraijtokomo-man-waraijtokomo-man,waraijtokomo-man-0,waraijtokomo-man
ij-te-se-3-go-pst-te-go,i32-te-go-0-sepst,te-go
mijna-there-all-mijna-there-all,mijna-there-all-0,mijna-there-all
winij-se-sleep-sup-winiki-septcp,winiki-septcp-septcp,winiki-septcp
yutu-forest-yutu-forest,yutu-forest-0,yutu-forest
irejpe-then-irejpe-then,irejpe-then-0,irejpe-then
ta-like-ta-like,ta-like-0,ta-like
winij-se-sleep-pst-winiki-sleep,winiki-sleep1-sepst,winiki-sleep
tawani-darkness-tawani-darkness,tawani-darkness0,tawani-darkness
senejka-stay-ipfv-senejka-stay,senejka-stay-ri-zero,senejka-stay
wej-sape-cop-pfv-wej-cop,wej-cop-0-sapepfv,wej-cop
enuj-se-go-up-pst-enuku-go-up,enuku-go-up1-sepst,enuku-go-up
kawe-high-kawe-high,kawe-high-0,kawe-high
waijta-ton-mouse-pl-waijta-mouse,waijta-mouse-0-tonpl,waijta-mouse
nwajte-dance-ipfv-nwajte-dance,nwajte-dance-0-ri-zero,nwajte-dance
sakunkai-sakunkai-sakunkai-sakunkai,sakunkai-sakunkai-0,sakunkai-sakunkai
kantajne-sing-ipfv-kantajne-sing,kantajne-sing0-ri-zero,kantajne-sing
nai-konton-do-ipfv-pl-nai-do,nai-do-0-ri-zero-kontonpl,nai-do
oki-chicha-oki-chicha,oki-chicha-0,oki-chicha
yeni-drink-ipfv-yeni-drink,yeni-drink-0-ri-zero,yeni-drink
soj-id-dabble-soj-id-dabble,soj-id-dabble0,soj-id-dabble
naij-peti-ri-do-plur-ipfv-nai-do,nai-do-1-plur1-ri,nai-do
ware-thus-ware-thus,ware-thus-0,ware-thus
waijta-tomo-mouse-pl-waijta-mouse,waijta-mouse-0-tomopl,waijta-mouse
nwajte-ri-dance-ipfv-nwajte-dance,nwajte-dance-0-ri,nwajte-dance
ej-wenaka-se-detrz-vomit-pst-ej-wenaka-vomit,dt1-ej-wenaka-vomit-sepst,ej-wenaka-vomit
ire-dem-ire-dem,ire-dem-0,ire-dem
wej-tane-cop-cncs-wej-tanecncs,wej-tanecncs-tanecns,wej-tanecncs
i-wena-ru-3-vomit-pert-wena-vomit,i31-wena-vomit-0-rupert,wena-vomit
wena-ru-vomit-pert-wena-vomit,wena-vomit-0-rupert,wena-vomit
sujta-se-urinate-pst-sujta-urinate,sujta-urinate-sepst,sujta-urinate
aaa-ah-aaa-ah,aaa-ah-0,aaa-ah
u-suku-ru-1-urine-pert-suku-urine,u1-suku-urine-0-rupert,suku-urine
morone-hurting-morone-hurting,morone-hurting-0,morone-hurting
u-sujta-1-urinate-ipfv-sujta-urinate,u1-sujta-urinate-ri-zero,sujta-urinate
konopo-rain-konopo-rain,konopo-rain-0,konopo-rain
wej-sare-cop-imn-wej-cop,wej-cop-0-sareimn,wej-cop
tawejka-to-daylight-acnnmlz-tawejka-rinmlz,tawejka-rinmlz-rinmlz-zero,tawejka-rinmlz
waijta-tomo-jpe-mouse-pl-pst-waijta-mouse,waijta-mouse-0-tomopl-jpepst1,waijta-mouse
tipa-se-kontomo-go-in-group-pst-pl-etipa-go-in-group,etipa-go-in-group-2-sepst-kontomopl,etipa-go-in-group
ej-wenaka-jpe-detrz-vomit-pst-acnnmlz-ejwenaka-jpenmlz,ejwenaka-jpenmlz-ejwenaka-jpenmlz-ejwenaka-jpenmlz,ejwenaka-jpenmlz
ta-in-peti-ri-3p-see-plur-ipfv-ini-see,ta3-ini-see-2-plur1-ri,ini-see
in-peti-see-plur-ipfv-ini-see,ini-see-2-plur1-ri-zero,ini-see
wenaka-jpe-vomit-pst-acnnmlz-wenaka-jpenmlz,wenaka-jpenmlz-wenaka-jpenmlz,wenaka-jpenmlz
mare-rel-inan-mare-rel-inan,mare-rel-inan-0,mare-rel-inan
ekete-where-ekete-where,ekete-where0,ekete-where
mere-med-inan-mere-med-inan,mere-med-inan-0,mere-med-inan
eki-manioc-beer-eki-manioc-beer,eki-manioc-beer0,eki-manioc-beer
wena-ru-jpe-vomit-pert-pst-wena-vomit,wena-vomit-0-rupert-jpepst1,wena-vomit
wej-saj-cop-pfv-wej-cop,wej-cop-0-sajpfv,wej-cop
mare-still-mare-still,mare-still-1,mare-still
ejte-house-ejte-house,ejte-house-0,ejte-house
kerejpe-old-kerejpe-old,kerejpe-old0,kerejpe-old
nwajte-konton-dance-ipfv-pl-nwajte-dance,nwajte-dance-0-ri-zero-kontonpl,nwajte-dance
sukase-all-sukase-all,sukase-all-0,sukase-all
tipa-pej-se-jne-go-in-group-plur-pst-pl-etipa-go-in-group,etipa-go-in-group-2-plur2-sepst-pljne1,etipa-go-in-group
waijta-jne-mouse-pl-waijta-mouse,waijta-mouse-0-pljne1,waijta-mouse
ajpachi-undergrowth-ajpachi-undergrowth,ajpachi-undergrowth-0,ajpachi-undergrowth
ekejna-where-to-ekejna-where-to,ekejna-where-to0,ekejna-where-to
won-se-enter-pst-womi-enter,womi-enter1-sepst,womi-enter
ta-se-say-pst-taro-say,taro-say-2-sepst,taro-say
make-mother-make-mother,make-mother-0,make-mother
waraijtokon-man-waraijtokon-man,waraijtokon-man-0,waraijtokon-man
maniki-rel-anim-maniki-rel-anim,maniki-rel-anim-1,maniki-rel-anim
t-iwij-3-house-iwiti-house,it3-iwiti-house-1,iwiti-house
