ID,Language_ID,Name,Comment,Parameter_ID,Source,Translation
i3,yab,i-/t-,The old *_-it_.,3,,3
jnepl,yab,-jnë,,pl,,PL
tojpefut,yab,-tojpe,From [Morpheme tojpepurp](MorphsetTable?#cldf:tojpepurp).,fut,,FUT
me2,yab,më-,,2,,2
jraneg,yab,-jra,Is this really a privative? Or a cessative? [Example anfoperso-08](ExampleTable?example_counter=1#cldf:anfoperso-08).,neg; priv,,NEG; PRIV
janeg,yab,-ja,,neg,,NEG
kempinire,yab,-kempïnirë,?,ptcp-nzr-gno-neg,,PTCP.NZR.GNO:NEG
tanecncs,yab,-tane,,cncs,,CNCS
podes,yab,-po,,des,,DES
t3,yab,ta-,,3p; 3,,3P; 3
ylk,yab,y-,,lk,,LK
u1,yab,u-,,1,,1
keimp,yab,-kë,,imp,,IMP
pokobecause,yab,poko,,because,,because
kontomopl,yab,-kontomo,,pl,,PL
tomopl,yab,-tomo,,pl,,PL
tamotimp,yab,-ta,,motimp,,MOTIMP
tikenepost,yab,-tïkene,Main clause inflection?,post,,POST
peess,yab,-pe,,ess,,ESS
pijkedim,yab,-pïjkë,,dim,,DIM
sareimn,yab,-sarë,,imn,,IMN
ma,yab,ma,,restr,,RESTR
nepeke,yab,-nëpëkë,,prog-intr,,PROG.INTR
a2,yab,a-,Conservative _ë-_.,2,,2
jnarineg,yab,-jnari,,neg,,NEG
tenpert,yab,-të,Only occurs on a few nouns.,npert,,NPERT
tipert,yab,-ti,,pert,,PERT
riipfv,yab,-ri,From [Morpheme rinmlz](MorphsetTable?#cldf:rinmlz).,ipfv,,IPFV
sepst,yab,-se,From [Morpheme septcp](MorphsetTable?#cldf:septcp).,pst,,PST
jpepst,yab,-jpë,From [Morpheme jpenmlz](MorphsetTable?#cldf:jpenmlz).,pst,,PST
rupert,yab,-ri,,pert,,PERT
sapepfv,yab,-sapë,From [Morpheme sapenmlz](MorphsetTable?#cldf:sapenmlz). Only occurs on the copula.,pfv,,PFV
pekeprog,yab,-pëkë,,prog-tr,,PROG.TR
jramaproh,yab,-jrama,,proh,,PROH
ripocntf,yab,-ripo,,cntf,,CNTF
keprop,yab,-ke,,prop,,PROP
yeperl,yab,-ye,Not productive.,advz,,ADVZ
dt2,yab,s-,,detrz,,DETRZ
kavbz,yab,-ka,'deprive P of N’,vbz-tr,,VBZ.TR
tavbz,yab,-ta,n>vi ‘S characterized by N’,vbz-intr,,VBZ.INTR
anonmlz,yab,-ano,,nmlz,,NMLZ
jtevbz,yab,-jtë,"n>vt, ‘provide P with N’ or ‘make P characterized by N’",vbz-tr,,VBZ.TR
dt1,yab,ëj-,,detrz,,DETRZ
petiplur,yab,-pëti,Lexicalized with some verbs.,plur,,PLUR
septcp,yab,-se,,ptcp; sup,,PTCP; SUP
jpenmlz,yab,-jpë,,pst-acnmlz,,PST.ACNMLZ
rinmlz,yab,-ri,Gave rise to [Morpheme riipfv](MorphsetTable?#cldf:riipfv).,acnnmlz,,ACNNMLZ
minmlz,yab,-mï,,nmlz,,NMLZ
sapenmlz,yab,-sapë,Gave rise to [Morpheme sapepfv](MorphsetTable?#cldf:sapepfv).,abs-nmlz,,ABS.NMLZ
ninmlz,yab,-ni,Has developed predicative uses.,agtnmlz,,AGTNMLZ
pininmlz,yab,‑pïnï,,priv-nmlz,,PRIV.NMLZ
nnmlzpre,yab,n-,,p-nmlz,,P.NMLZ
tojpepurp,yab,-tojpe,From [Morpheme toponmlz](MorphsetTable?#cldf:toponmlz) and [Morpheme esspe](MorphsetTable?#cldf:esspe). Gave rise to [Morpheme tojpefut](MorphsetTable?#cldf:tojpefut).,purp,,PURP
sarecvb,yab,-sarë,Gave rise to [Morpheme sareimn](MorphsetTable?#cldf:sareimn).,cvb,,CVB
dt3,yab,at-,,detrz,,DETRZ
toponmlz,yab,-topo,"Contained in [Morpheme tojpepurp](MorphsetTable?#cldf:tojpepurp). Marginally occurs in predicative uses (histyarirdi-0542, histyarirdi-0091); can combine with [Morpheme neinf](MorphsetTable?#cldf:neinf).",circ-nmlz,,CIRC.NMLZ
readvz,yab,-re,,advz,,ADVZ
pamivbz,yab,-pamï,n>vi ‘S characterized by N’,vbz,,VBZ
neinf,yab,-në,Lexically characterized: v.n. in FLEx.,inf,,INF
pecaus,yab,-po,"Occurs marginally, causee w/ =pana.",caus,,CAUS
neadvz,yab,-ne,Not productive.,advz,,ADVZ
yeadvz,yab,-ye,,advz,,ADVZ
keadvz,yab,-ke,Etymologically 'have N’.,advz,,ADVZ
imi-father,yab,ïmï,Irregularly inflected.,father,,father
aaa-ah,yab,aaa,,ah,,ah
ajaja-hahaha,yab,ajaja,,hahaha,,hahaha
ajpu-heart,yab,ajpu,,heart,,heart
akere-with,yab,akërë,,with,,with
akino-younger-brother-of-man,yab,akino,,younger-brother-of-man,,younger brother of man
aniki-who,yab,anïkï,,who,,who
apeke-thats-why,yab,apëkë,,thats-why,,that’s why
arokate-difficult,yab,arokatë,,difficult,,difficult
asamo,yab,asamo,,cry,,cry
ati-what,yab,ati,,what,,what
awata-surp,yab,awata,,surp,,SURP
chi-cop,yab,chi,,cop,,COP
e-e-yes,yab,ë'ë,,yes,,yes
ejka-right,yab,ëjka,,right,,right
empami-learn,yab,ëmpamï,,learn,,learn
enejka-watch,yab,enejka,,watch,,watch
enijpetere-one,yab,enijpëtërë,,one,,one
enka-finish,yab,yënka,,finish,,finish
erepi-scare,yab,erepï,,scare,,scare
esejte-call,yab,esejtë,,call,,call
esene-see-self,yab,esene,,see-self,,see.self
esspe,yab,pe,,ess,,ESS
i-do,yab,i,,do,,do
ijmoka-cook,yab,ijmoka,,cook,,cook
imparejra-long-time,yab,ïmparëjra,,long-time,,long time
intsne,yab,ne,,ints,,INTS
ire-dem,yab,irë,,dem,,DEM
iwiti-house,yab,ïwïtï,,house,,house
kaimo,yab,kaimo,,game,,game
kampara-big,yab,kampara,,big,,big
katara-hot-sauce,yab,katara,,hot-sauce,,hot sauce
ke-ins,yab,ke,,ins,,INS
kemu-pus,yab,këmu,,pus,,pus
kere-ripe,yab,kërë,,ripe,,ripe
keyama-create,yab,këyama,,create,,create
keyata-grow-up,yab,këyata,,grow-up,,grow.up
ki-oh,yab,kï,,oh,,oh
kwa-how,yab,kwa,,how,,how
kwa-what,yab,kwa,,what,,what
maijte-go-imp,yab,maijtë,,go-imp,,go.IMP
makampra-older-sister-of-mother,yab,makampra,,older-sister-of-mother,,older sister of mother
make-mother,yab,makë,,mother,,mother
maniki-rel-anim,yab,manïkï,,rel-anim,,REL.ANIM
mare-rel-inan,yab,mare,,rel-inan,,REL.INAN
mare-still,yab,marë,,still,,still
marestr,yab,ma,,rst,,RST
me-pol,yab,me,,pol,,POL
mesuku-blood,yab,mesuku,,blood,,blood
mewine-to-there,yab,mëwinë,,to-there,,to there
mmm-yeah,yab,mmm,,yeah,,yeah
nai-do,yab,nai,,do,,do
naki-thirst,yab,naki,,thirst,,thirst
nwadance,yab,nwa,,dance,,dance
nwajte-dance,yab,nwajtë,,dance,,dance
oti-game-food,yab,oti,,game-food,,game.food
padrastro-padrastro,yab,padrastro,,padrastro,,padrastro
pamo-cousin,yab,pamo,,cousin,,cousin
panadat,yab,pana,,dat,,DAT
pano,yab,pano,,deceased,,deceased
pedrito-p,yab,pedrito,,p,,P.
pekeon,yab,pëkë,,about,,about
pekepene-alone,yab,pëkëpene,,alone,,alone
penajre-before,yab,penajrë,,before,,before
perez-perez,yab,perez,,perez,,Pérez
pijke-dim,yab,pïjkë,,dim,,DIM
pinire-nothing,yab,pïnirë,,nothing,,nothing
pinji-placeholder,yab,pinji,,placeholder,,PLACEHOLDER
po-loc,yab,po,,loc,,LOC
pojte-want,yab,pojtë,,want,,want
ponoko-every,yab,ponoko,,every,,every
punu-flesh,yab,punu,,flesh,,flesh
rafa-rafel,yab,rafa,,rafel,,Rafel
reemp,yab,rë,,emp,,EMP
sakunkai-sakunkai,yab,sakunkai,,sakunkai,,sakunkai
se-eval,yab,se,,eval,,EVAL
sepami-marry,yab,sepamï,,marry,,marry
sereka-tire,yab,sereka,,tire,,tire
suku-urine,yab,suku,,urine,,urine
sukuri-silently,yab,sukuri,,silently,,silently
ta-like,yab,ta,,like,,like
taji,yab,taji,,slug-1,,?
taki-conf,yab,takï,,conf,,CONF
tarine-fast,yab,tarine,,fast,,fast
tawara-too,yab,tawara,,too; same,,too; same
te-go,yab,të,,go,,go
teloc,yab,të,,loc,,LOC
tenesemi-meat-food,yab,tënësemï,,meat-food,,meat food
tewijna-there-ana,yab,tëwïjna,,there-ana,,there.ANA
ti-hsy,yab,ti,,hsy,,HSY
tojpa-hit,yab,tojpa,,hit,,hit
wacho-wife,yab,wacho,,wife,,wife
waimu-language,yab,waimu,,language,,language
waimu-talk,yab,waimu,,talk,,talk
warai-like,yab,warai,,like,,like
waraij-thing,yab,waraij,,thing,,thing
waraijtokon-man,yab,waraijtokon,,man,,man
wej-cop,yab,wej,,cop,,COP
wejyaka-open,yab,wejyaka,,open,,open
wera-like,yab,wëra,,like,,like
weseyu,yab,weseyu,,become-mad,,become mad
yaerg,yab,ya,,erg,,ERG
yajte-begin,yab,yajtë,,begin,,begin
yakaall,yab,yaka,,all,,ALL
yakucho-ayacucho,yab,yakucho,,ayacucho,,Ayacucho
yaobl,yab,ya,,obl,,OBL
yaweloc,yab,yawë,,loc; cond; ctmp,,LOC; COND; CTMP
yawo-uncle,yab,yawo,,uncle,,uncle
yaye-in,yab,yaye,,in,,in
yerema,yab,yerema,,feed,,feed
achi-wilderness,yab,achi,,wilderness,,wilderness
aijkorono-recovered,yab,aijkorono,,recovered,,recovered
ajpachi-undergrowth,yab,ajpachi,,undergrowth,,undergrowth
aki-worm,yab,akï,,worm,,worm; maggot
ami-unidentified-plant,yab,amï,,unidentified-plant,,unidentified plant
ana-1-3pro,yab,ana,,1-3pro,,1+3PRO
anoto-annatto,yab,anoto,,annatto,,annatto
anta-island,yab,anta,,island,,island
ante-fish-hook,yab,antë,,fish-hook,,fish hook
apataka-come-out,yab,apataka,,come-out,,come out
apo-later,yab,apo,,later,,later; meanwhile
apuni-soap,yab,apuni,,soap,,soap
arajmate-dangerous,yab,arajmatë,,dangerous,,dangerous
arina-trembler,yab,arina,,trembler,,trembler
aro-rice,yab,aro,,rice,,rice
aroma-limpet,yab,aroma,,limpet,,limpet
aropoko-ball-game,yab,aropoko,,ball-game,,ball game
asakontompene-four,yab,asakontompene,,four,,four
asake-two,yab,asakë,,two,,two
asere-dry-cough,yab,asere,,dry-cough,,dry cough
asuka-sugar,yab,asuka,,sugar,,sugar
awochi-tumor,yab,awochi,,tumor,,tumor
chika-bite,yab,chika,,bite,,bite
chike-chigger,yab,chikë,,chigger,,chigger
chima-path,yab,chima,,path,,path
chimichimi-worm-dog,yab,chimichimi,,worm-dog,,worm (dog)
chipiyu-fungus-sp,yab,chipiyu,,fungus-sp,,fungus.sp
chiramu-mange,yab,chiramu,,mange,,mange
chiri-wild-pineapple,yab,chiri,,wild-pineapple,,wild pineapple
chiri-titi-monkey,yab,chiri,,titi-monkey,,titi monkey
chiyakono-friend,yab,chiyakono,,friend,,friend
chekey-nit,yab,chëkëy,,nit,,nit
ejne-1-2pro,yab,ejnë,,1-2pro,,1+2PRO
eni-prox-inan,yab,eni,,prox-inan,,PROX.INAN
enijne-prox-inan-pl,yab,enijne,,prox-inan-pl,,PROX.INAN.PL
entono-from-here,yab,entono,,from-here,,from here
ente-here-loc,yab,entë,,here-loc,,here.LOC
enire-now,yab,enirë,,now,,now; today
epe-escape,yab,epe,,escape,,escape; hide and seek
eretapi-cultivated-plant,yab,eretapi,,cultivated-plant,,cultivated plant
ewine-here-all,yab,ewinë,,here-all,,here.ALL
ijpu-summit,yab,ijpu,,summit,,summit
inawe-have,yab,inawë,,have,,have
ini-see,yab,ini,,see,,see
intipijke-small,yab,intipijkë,,small,,small
iriyawe-then,yab,iriyawë,,then,,then
irejpe-then,yab,irëjpë,,then,,then
ita-hear,yab,ita,,hear,,hear
iyajtepe-before,yab,iyajtëpe,,before,,before
jwaka-ill-aq,yab,jwaka,,ill-aq,,ILL.AQ; LOC.AQ
ka-q,yab,ka,,q,,Q
kaimo-game,yab,kaimo,,game,,game
kamere-lightning,yab,kamere,,lightning,,lightning
kamwiyajka-change,yab,kamwiyajka,,change,,change
kapau-dasypus-novemcinctus,yab,kapau,,dasypus-novemcinctus,,dasypus novemcinctus
ka-take-out,yab,ka,,take-out,,take out
kasajpe-fruit-pit,yab,kasajpë,,fruit-pit,,fruit pit
kawono-high,yab,kawono,,high,,high
kawe-high,yab,kawë,,high,,high
kaya-gourd,yab,kaya,,gourd,,gourd
kaya-barbasco,yab,kaya,,barbasco,,barbasco
kejkepe-salamander,yab,kejkepe,,salamander,,salamander
kojpa-night,yab,kojpa,,night,,night
konopo-rain,yab,konopo,,rain,,rain
ko-brassolis-sophorae,yab,ko,,brassolis-sophorae,,brassolis sophorae
korokoro-c,yab,korokoro,,c,,C.
kuru-prochilodus-mariae,yab,kuru,,prochilodus-mariae,,prochilodus mariae
kuruwa-coroba-palm,yab,kuruwa,,coroba-palm,,coroba palm
kuya-tree-sp,yab,kuya,,tree-sp,,tree.sp
kuyuwi-bird-sp,yab,kuyuwi,,bird-sp,,bird.sp
kejma-hunt,yab,këjma,,hunt,,hunt
kere-prox-anim,yab,kërë,,prox-anim,,PROX.ANIM
keresantomo-prox-anim-pl,yab,kërësantomo,,prox-anim-pl,,PROX.ANIM.PL
keta-stink,yab,këta,,stink,,stink
ketejwate-cotton,yab,këtëjwatë,,cotton,,cotton
kimiy-chili,yab,kïmïy,,chili,,chili
kiripi-go-out,yab,kïrïpï,,go-out,,go out
majawa-m,yab,majawa,,m,,M.
majpe-m,yab,majpë,,m,,M.
maka-ceiba-pentandra,yab,maka,,ceiba-pentandra,,ceiba pentandra
makarike-cayman,yab,makarikë,,cayman,,cayman
makuyupi-catfish-sp,yab,makuyupi,,catfish-sp,,catfish.sp
mapara-chicken,yab,mapara,,chicken,,chicken
mayawaka-m,yab,mayawaka,,m,,M.
mayi-lets-go,yab,mayi,,lets-go,,let’s go
michisantomo-med-inan-pl,yab,michisantomo,,med-inan-pl,,MED.INAN.PL
michitomo-med-inan-pl,yab,michitomo,,med-inan-pl,,MED.INAN.PL
michi-med-anim,yab,michi,,med-anim,,MED.ANIM
misi-med-inan,yab,misi,,med-inan,,MED.INAN
mone-vagina,yab,mone,,vagina,,vagina
moneka-girl-voc,yab,moneka,,girl-voc,,girl.VOC
monkontomo-2pl-pro,yab,monkontomo,,2pl-pro,,2PL.PRO
morone-hurting,yab,morone,,hurting,,hurting
moroni-pain,yab,moroni,,pain,,pain
morono-poison,yab,morono,,poison,,poison
moto-worm,yab,moto,,worm,,worm
moyochi-spider-sp,yab,moyochi,,spider-sp,,spider (sp.)
mujyane-pregnancy,yab,mujyanë,,pregnancy,,pregnancy
muku-child,yab,muku,,child,,child
mune-bulbous,yab,mune,,bulbous,,bulbous
munta-budding,yab,munta,,budding,,budding
mejki-dist-anim,yab,mëjkï,,dist-anim,,DIST.ANIM
mejnijne-dist-inan-pl,yab,mëjnijne,,dist-inan-pl,,DIST.INAN.PL
mejni-dist-inan,yab,mëjnï,,dist-inan,,DIST.INAN
mekisantomo-dist-anim-pl,yab,mëkïsantomo,,dist-anim-pl,,DIST.ANIM.PL
mere-2pro,yab,mërë,,2pro,,2PRO
mere-med-inan,yab,mërë,,med-inan,,MED.INAN
mijna-there-all,yab,mïjna,,there-all,,there.ALL
minte-there-loc,yab,mïntë,,there-loc,,there.LOC
mira-priodontes-maximus,yab,mïra,,priodontes-maximus,,priodontes maximus
najmo-grandmother,yab,najmo,,grandmother,,grandmother
najpi-grandfather,yab,najpï,,grandfather,,grandfather
nata-door,yab,nata,,door,,door
nepi-bring,yab,nepï,,bring,,bring
nono-earth,yab,nono,,earth,,earth
nope-good,yab,nope,,good,,good
noro-parrot-sp,yab,noro,,parrot-sp,,parrot.sp
noti-potential-partner,yab,noti,,potential-partner,,potential partner; cross cousin
neme-leave,yab,nëmë,,leave,,leave
ochi-o,yab,ochi,,o,,O.
ojpa-give-drink,yab,ojpa,,give-drink,,give drink
oki-chicha,yab,okï,,chicha,,chicha
onono-another,yab,onono,,another,,another
orojyamo-evil-being,yab,orojyamo,,evil-being,,evil being
pachi-older-sister-of-woman,yab,pachi,,older-sister-of-woman,,older sister of woman
paijku-p,yab,paijku,,p,,P.
paka-cow,yab,paka,,cow,,cow
pakara-basket,yab,pakara,,basket,,basket
pakura-coix-lacryma-jobi,yab,pakura,,coix-lacryma-jobi,,Coix lacryma-jobi
paku-arrow-tip,yab,paku,,arrow-tip,,arrow tip
pana-ear,yab,pana,,ear,,ear
papa-father,yab,papa,,father,,father
parujpe-broth,yab,parujpë,,broth,,broth
pata-village,yab,pata,,village,,village
pata-axe,yab,pata,,axe,,axe
pataka-take-out,yab,pataka,,take-out,,take out
pene-piranha,yab,pene,,piranha,,piranha
pepoye-above-perl,yab,pepoye,,above-perl,,above.PERL
pe-palm-sp,yab,pe,,palm-sp,,palm.sp
peti-leg,yab,peti,,leg,,leg
peye-turtle-sp,yab,peye,,turtle-sp,,turtle.sp
picha-capuchin-monkey,yab,picha,,capuchin-monkey,,capuchin monkey
pichipichi-whitebait,yab,pichipichi,,whitebait,,whitebait
pika-peel,yab,pika,,peel,,peel
pike-fart,yab,pikë,,fart,,fart
pinchi-hes,yab,pinchi,,hes,,HES
pipi-younger-brother-of-woman,yab,pipi,,younger-brother-of-woman,,younger brother of woman
poroko-basket-sp,yab,poroko,,basket-sp,,basket.sp
poye-above,yab,poye,,above,,above
pimi-neck,yab,pïmï,,neck,,neck
pirika-endure,yab,pïrïka,,endure,,endure
roko-crazy,yab,roko,,crazy,,crazy
romoye-downriver,yab,romoye,,downriver,,downriver
rotoro-doctor,yab,rotoro,,doctor,,doctor
sakara-hoplias-malabaricus,yab,sakara,,hoplias-malabaricus,,hoplias malabaricus
sakau-sand,yab,sakau,,sand,,sand
saku-sweet-potato,yab,saku,,sweet-potato,,sweet potato
samo-cry,yab,samo,,cry,,cry
sampu-black-piranha,yab,sampu,,black-piranha,,black piranha
sapara-heavy-pot,yab,sapara,,heavy-pot,,heavy pot
sawo-rapids,yab,sawo,,rapids,,rapids
sere-bitter-manioc,yab,sere,,bitter-manioc,,bitter manioc
sukase-all,yab,sukase,,all,,all
sukutaka-yucuta,yab,sukutaka,,yucuta,,yucuta
surukupi-fish-sp,yab,surukupi,,fish-sp,,fish.sp
sema-die,yab,sëma,,die,,die
tajme-ugly,yab,tajme,,ugly,,ugly
tajnomo-piaroa,yab,tajnomo,,piaroa,,Piaroa
tajropo-have-fever,yab,tajropo,,have-fever,,have fever
takono-other,yab,takono,,other,,other
tapa-beat,yab,tapa,,beat,,beat
taro-say,yab,taro,,say,,say
tawa-nyctidromus-albicollis,yab,tawa,,nyctidromus-albicollis,,nyctidromus albicollis
teijpo-far,yab,teijpo,,far,,far; long
tejwetunu-sick,yab,tejwetunu,,sick,,sick
tonko-play,yab,tonko,,play,,play
torote-cemetery,yab,torotë,,cemetery,,cemetery
toto-non-indian,yab,toto,,non-indian,,non-Indian
tuj-fall,yab,tuj,,fall,,fall
tujnaka-iller,yab,tujnaka,,iller,,iller
tuna-water,yab,tuna,,water,,water
tunami-hide,yab,tunamï,,hide,,hide
tu-give,yab,tu,,give,,give
tejta-hollow,yab,tëjta,,hollow,,hollow
tewi-3pro,yab,tëwï,,3pro,,3PRO
tewisantomo-3pro-pl,yab,tëwïsantomo,,3pro-pl,,3PRO.PL
waijta-mouse,yab,waijta,,mouse,,mouse
waijte-head,yab,waijtë,,head,,head
wajyaki-happy,yab,wajyakï,,happy,,happy
wajyaki-be-happy,yab,wajyakï,,be-happy,,be happy
wajyakiti-very-happy,yab,wajyakïtï,,very-happy,,very happy
wanapu-savannah,yab,wanapu,,savannah,,savannah
wanene-aunt,yab,wanene,,aunt,,aunt
waraijtokomo-man,yab,waraijtokomo,,man,,man
warota-work,yab,warota,,work,,work
ware-thus,yab,warë,,thus,,thus
wasayi-attalea-maripa,yab,wasayi,,attalea-maripa,,attalea maripa
wena-vomit,yab,wena,,vomit,,vomit
wepi-come,yab,wepï,,come,,come
wereyi-cloud,yab,wereyi,,cloud,,cloud
weroro-dog,yab,weroro,,dog,,dog
wiriyamo-woman,yab,wiriyamo,,woman,,woman
wejka-fall,yab,wëjka,,fall,,fall
wire-1pro,yab,wïrë,,1pro,,1PRO
yajno-brother-in-law-man,yab,yajno,,brother-in-law-man,,brother in law (man)
yakarama-tell,yab,yakarama,,tell,,tell
yakono-younger-sister-of-woman,yab,yakono,,younger-sister-of-woman,,younger sister of woman
yaku-agouti,yab,yaku,,agouti,,agouti
yamane-make,yab,yamanë,,make,,make
yami-pick-up,yab,yamï,,pick-up,,pick up
yane-mother,yab,yanë,,mother,,mother
yapechi-grab,yab,yapëchi,,grab,,grab
yarika-laugh,yab,yarika,,laugh,,laugh
yaruwa-laugh,yab,yaruwa,,laugh,,laugh
yare-bring,yab,yarë,,bring,,bring
yatane-adolescent,yab,yatanë,,adolescent,,adolescent
yawanka-kill,yab,yawanka,,kill,,kill
yeme-eat-fruits-eggs-soup,yab,yeme,,eat-fruits-eggs-soup,,"eat (fruits, eggs, soup)"
yerepunu-sick,yab,yerepunu,,sick,,sick
yojte-fish-with-hook,yab,yojtë,,fish-with-hook,,fish with hook
yoko-pimple,yab,yoko,,pimple,,pimple
yoki-eat-starch,yab,yokï,,eat-starch,,eat (starch)
yumpe-fairly,yab,yumpe,,fairly,,fairly; much
yutu-forest,yab,yutu,,forest,,forest
ye-tooth,yab,yë,,tooth,,tooth
yeni-drink,yab,yëni,,drink,,drink
yene-eat-meat,yab,yënë,,eat-meat,,eat (meat)
yeye-tree,yab,yëye,,tree,,tree
yipi-mountain,yab,yïpï,,mountain,,mountain
ejpina-often,yab,ëjpïna,,often,,often
ejte-house,yab,ëjtë,,house,,house
ejwate-hammock,yab,ëjwatë,,hammock,,hammock
eke-which,yab,ëkë,,which,,which
ekere-jaguar,yab,ëkërë,,jaguar,,jaguar
empare-already,yab,ëmpare,,already,,already
erine-cooking-pot,yab,ërinë,,cooking-pot,,cooking pot
etipa-go-in-group,yab,ëtïpa,,go-in-group,,go in group
eni-drink,yab,ëni,,drink,,drink
ese-name,yab,ese,,name,,name
kapu-sky,yab,kapu,,sky,,sky
enuku-go-up,yab,ënuku,,go-up,,go.up
eki-manioc-beer,yab,ëkï,,manioc-beer,,manioc.beer
ekete-where,yab,ëkëtë,,where,,where
ekejna-where-to,yab,ëkëjna,,where-to,,where.to
ewenke-not-know,yab,ewenke,,not-know,,not.know
yatune-sun,yab,yatunë,,sun; day,,sun; day
pirare-nothing,yab,pïrarë,,nothing,,nothing
winiki-sleep,yab,wïnïkï,,sleep,,sleep
tawani-darkness,yab,tawani,,darkness,,darkness
kantajne-sing,yab,kantajnë,,sing,,sing
soj-id-dabble,yab,soj,,id-dabble,,ID:dabble
tawejka-to-daylight,yab,tawejka,,to-daylight,,to.daylight
kerejpe-old,yab,kërëjpë,,old,,old
neke-contrast,yab,neke,,contrast,,CONTRAST
pinika-prob,yab,pïnika,,prob,,PROB
womi-enter,yab,womï,,enter,,enter
kwase-how,yab,kwajse,,how; why,,how; why
sa-eval,yab,sa,,eval,,EVAL
pare-and,yab,parë,,and; too,,and; too
ke-ouch,yab,kë,,ouch,,ouch
peremeki-talk,yab,ëpëremekï,,talk,,talk
esewe-stab-self,yab,ësëwë,,stab-self,,stab.self
yawarana-yawarana,yab,yawarana,,yawarana,,Yawarana
tepu-rock,yab,tëpu,,rock,,rock
nare-asrt,yab,narë,,asrt,,ASRT
epi-cure,yab,ëpi,,cure,,cure
ee-yes,yab,ëʼë,,yes,,yes
waraijte-husband,yab,waraijtë,,husband; male,,husband; male
kanawa-canoe,yab,kanawa,,canoe,,canoe
enijpete-one,yab,enijpëtë,,one,,one
etune-history,yab,ëtunë,,history,,history
ekei-snake,yab,ëkëij,,snake,,snake
tajromini-bad-news,yab,tajromini,,bad-news,,bad.news
manuku-manioc-meal,yab,mañuku,,manioc-meal,,manioc.meal
keremu-vulture,yab,kërëmu,,vulture,,vulture
umpare-already,yab,umparë,,already,,already
yara-grandchild,yab,yaʼra,,grandchild,,grandchild
sayu-salt,yab,sayu,,salt,,salt
papera-paper,yab,papera,,paper; studies,,paper; studies
yapijtomo-old,yab,yapijtomo,,old,,old
chapiti-scream,yab,achapëti,,scream,,scream
petomyakere-three,yab,petomyakërë,,three,,three
mui-husk,yab,muiri,,husk,,husk
poo-tsk,yab,poo,,tsk,,tsk
tanapi-soft-drink,yab,tanapï,,soft-drink,,soft.drink
sejpeti-dream,yab,esejpëti,,dream,,dream
takune-lazy,yab,takune,,lazy,,lazy
yawano-knowledge,yab,yawano,,knowledge,,knowledge
kayakani-crab,yab,kayakani,,crab,,crab
karakachi-ring-worm,yab,karakachi,,ring-worm,,ring.worm
pore-leg,yab,pore,,leg,,leg
pupuri-palm-sp,yab,pupuri,,palm-sp,,palm.sp
araya-spider,yab,araya,,spider,,spider
kaimare-slow,yab,kaimarë,,slow,,slow
we-kill,yab,wë,,kill,,kill
wajto-fire,yab,wajto,,fire,,fire
yamore-shaman,yab,yamore,,shaman,,shaman
tek-hit,yab,tëk,,hit,,hit
kamicha-clothing,yab,kamicha,,clothing,,clothing
koropicha-mushroom-sp,yab,koropicha,,mushroom-sp,,mushroom.sp
pota-mouth,yab,pota,,mouth; shore,,mouth; shore
racha-blow-gun,yab,racha,,blow-gun,,blow.gun
pima-love,yab,pïma,,love,,love
peru-toad,yab,përu,,toad,,toad
kanajmunu-hill,yab,kanajmunu,,hill,,hill
rujruku-wild-grape,yab,rujruku,,wild-grape,,wild.grape
kune-heat,yab,kunë,,heat; cook,,heat; cook
kawai-tobacco,yab,kawaij,,tobacco,,tobacco
kasawoko-ant-sp,yab,kasawoko,,ant-sp,,ant.sp
karakapusa-shotgun,yab,karakapusa,,shotgun,,shotgun
maraka-maraca,yab,maraka,,maraca,,maraca
chikii-small-bird,yab,chïkïi,,small-bird,,small.bird
chej-pull-out,yab,chej,,pull-out,,pull.out
am-um,yab,am,,um,,um
romana-down-river,yab,romana,,down-river,,down.river
mara-potion,yab,mara,,potion,,potion
iij-oh,yab,iij,,oh,,oh
raimoto-spear,yab,raimoto,,spear,,spear
poj-wow,yab,poj,,wow,,wow
nachi-corn,yab,nachi,,corn,,corn
najwata-port,yab,najwata,,port,,port
tej-darn,yab,tej,,darn,,darn
supara-machete,yab,supara,,machete,,machete
tapitu-palm-sp,yab,tapitu,,palm-sp,,palm.sp
warakaru-monkey-sp,yab,warakaru,,monkey-sp,,monkey.sp
yawaka-sow,yab,yawaka,,sow,,sow
wichanore-big,yab,wichanorë,,big,,big
wurichi-female,yab,wurichi,,female,,female
wichere-enough,yab,wicherë,,enough; big,,enough; big
konare-yesterday,yab,koñarë,,yesterday,,yesterday
karana-sugar-cane,yab,karana,,sugar-cane,,sugar.cane
kayama-pumpkin,yab,kayama,,pumpkin,,pumpkin
koroki-stuff,yab,korokï,,stuff,,stuff
kujpa-palm-sp,yab,kujpa,,palm-sp,,palm.sp
kujpe-lake,yab,kujpë,,lake,,lake
arawai-pineapple-sp,yab,arawai,,pineapple-sp,,pineapple.sp
chayi-son,yab,chayi,,son,,son
chikiri-rubber,yab,chikiri,,rubber,,rubber
pijpe-skin,yab,pijpë,,skin,,skin
parankana-container,yab,parankana,,container,,container
oroko-fox,yab,oroko,,fox,,fox
rawa-plant-sp,yab,rawa,,plant-sp,,plant.sp
manare-sieve,yab,manare,,sieve,,sieve
manku-mango,yab,manku,,mango,,mango
mati-breast,yab,mati,,breast,,breast
minate-liana,yab,minatë,,liana,,liana
mojne-salty,yab,mojne,,salty,,salty
nune-moon,yab,nunë,,moon,,moon
tepi-plant,yab,tëpï,,plant,,plant
tururu-slow,yab,tururu,,slow,,slow
waraimo-yam,yab,waraimo,,yam,,yam
wanata-gourd,yab,wanata,,gourd,,gourd
wajyama-kiss,yab,wajyama,,kiss,,kiss
tajpii-well,yab,tajpïi,,well,,well
tapotei-big,yab,tapotëi,,big,,big
tee-oh-dear,yab,tee,,oh-dear,,oh.dear!
tawaye-grater,yab,tawaye,,grater,,grater
yejma-smoke,yab,yëjma,,smoke,,smoke
yakete-cut,yab,yajkëtë,,cut,,cut
wejte-go-down,yab,wëjtë,,go-down,,go.down
yanaka-help,yab,yanaka,,help; heal; pay,,help; heal; pay
yawani-heart,yab,yawani,,heart,,heart
kampe-grilled-meat,yab,kampë,,grilled-meat,,grilled.meat
kamaya-ara,yab,kamaya,,ara,,ara
kachuna-pants,yab,kachuna,,pants,,pants
kejta-sing,yab,këjta,,sing,,sing
kuyara-canoe,yab,kuyara,,canoe,,canoe
kuchi-drink-type,yab,kuchi,,drink-type,,drink.type
koyoweti-navel,yab,koyoweti,,navel,,navel
asakerere-both,yab,asakërërë,,both,,both
aj-meh,yab,aj,,meh,,meh
ijmo-break,yab,ijmo,,break,,break
ejturiajte-study,yab,ejturiajtë,,study,,study
chipe-holly-paint,yab,chipë,,holly-paint,,holly.paint
potipene-before,yab,potipene,,before,,before
poseti-belly,yab,poseti,,belly,,belly
poroto-spider-monkey,yab,poroto,,spider-monkey,,spider.monkey
poke-smelly,yab,poke,,smelly,,smelly
poijpe-nail,yab,poijpë,,nail,,nail
semeki-defend,yab,semekï,,defend; be-stingy-with,,defend; be.stingy.with
sawena-spear,yab,sawena,,spear,,spear
roka-wash,yab,roka,,wash; arrange,,wash; arrange
mariya-knife,yab,mariya,,knife,,knife
pakira-peccary,yab,pakira,,peccary,,peccary
